{"status":true,"msg":"done","movie":{"tmdb":{"type":"tv","id":"275592","season":1,"vote_average":0,"vote_count":1},"imdb":{"id":null},"created":{"time":"2025-10-26T09:43:14.000Z"},"modified":{"time":"2025-11-16T23:22:21.000Z"},"_id":"f72ce9098bc2b98030ed78319d60be6e","name":"Cu\u1ed9c S\u1ed1ng Trong M\u01a1 C\u1ee7a \u00d4ng Kim","slug":"cuoc-song-trong-mo-cua-ong-kim","origin_name":"The Dream Life Of Mr. Kim","content":"Sau khi l\u00e0m tr\u00f2n vai tr\u00f2 qu\u1ea3n l\u00fd doanh nghi\u1ec7p, ng\u01b0\u1eddi \u0111\u00e0n \u00f4ng trung ni\u00ean n\u1ecd b\u1eaft \u0111\u1ea7u h\u00e0nh tr\u00ecnh t\u1ef1 kh\u00e1m ph\u00e1 sau bi\u1ebfn c\u1ed1 b\u1ea5t ng\u1edd \u2013 h\u1ecdc l\u1ea1i nh\u1eefng \u0111i\u1ec1u mang cho \u00f4ng ni\u1ec1m vui th\u1ef1c s\u1ef1.","type":"series","status":"ongoing","poster_url":"https:\/\/phimimg.com\/upload\/vod\/20251026-1\/043471199080589b7f41288758a36b14.jpg","thumb_url":"https:\/\/phimimg.com\/upload\/vod\/20251026-1\/9517134fd5b31de053da66201f3e7d53.jpg","is_copyright":false,"sub_docquyen":false,"chieurap":false,"trailer_url":"https:\/\/www.youtube.com\/watch?v=3rJT3ZJsP0I","time":"72 ph\u00fat\/t\u1eadp","episode_current":"T\u1eadp 8","episode_total":"12","quality":"FHD","lang":"Vietsub","notify":"","showtimes":"","year":2025,"view":0,"actor":["Ryu Seung-ryong","Myung Se-bin","Cha Kang-yoon","Jung Eun-chae"],"director":["Jo Hyun-tak"],"category":[{"id":"ba6fd52e5a3aca80eaaf1a3b50a182db","name":"H\u00e0i H\u01b0\u1edbc","slug":"hai-huoc"},{"id":"37a7b38b6184a5ebd3c43015aa20709d","name":"Ch\u00ednh K\u1ecbch","slug":"chinh-kich"},{"id":"bb2b4b030608ca5984c8dd0770f5b40b","name":"T\u00ecnh C\u1ea3m","slug":"tinh-cam"},{"id":"a7b065b92ad356387ef2e075dee66529","name":"T\u00e2m L\u00fd","slug":"tam-ly"}],"country":[{"id":"05de95be5fc404da9680bbb3dd8262e6","name":"H\u00e0n Qu\u1ed1c","slug":"han-quoc"}]},"episodes":[{"server_name":"#H\u00e0 N\u1ed9i (Vietsub)","server_data":[{"name":"T\u1eadp 01","slug":"tap-01","filename":"Cu\u1ed9c S\u1ed1ng Trong M\u01a1 C\u1ee7a \u00d4ng Kim - The Dream Life Of Mr. Kim - 2025 - 1080p - Vietsub - T\u1eadp 01","link_embed":"https:\/\/player.phimapi.com\/player\/?url=https:\/\/s6.kkphimplayer6.com\/20251026\/tqgAMMK9\/index.m3u8","link_m3u8":"https:\/\/s6.kkphimplayer6.com\/20251026\/tqgAMMK9\/index.m3u8"},{"name":"T\u1eadp 02","slug":"tap-02","filename":"Cu\u1ed9c S\u1ed1ng Trong M\u01a1 C\u1ee7a \u00d4ng Kim - The Dream Life Of Mr. Kim - 2025 - 1080p - Vietsub - T\u1eadp 02","link_embed":"https:\/\/player.phimapi.com\/player\/?url=https:\/\/s6.kkphimplayer6.com\/20251027\/OEXma6WH\/index.m3u8","link_m3u8":"https:\/\/s6.kkphimplayer6.com\/20251027\/OEXma6WH\/index.m3u8"},{"name":"T\u1eadp 03","slug":"tap-03","filename":"Cu\u1ed9c S\u1ed1ng Trong M\u01a1 C\u1ee7a \u00d4ng Kim - The Dream Life Of Mr. Kim - 2025 - 1080p - Vietsub - T\u1eadp 03","link_embed":"https:\/\/player.phimapi.com\/player\/?url=https:\/\/s6.kkphimplayer6.com\/20251102\/QvNWOGmz\/index.m3u8","link_m3u8":"https:\/\/s6.kkphimplayer6.com\/20251102\/QvNWOGmz\/index.m3u8"},{"name":"T\u1eadp 04","slug":"tap-04","filename":"Cu\u1ed9c S\u1ed1ng Trong M\u01a1 C\u1ee7a \u00d4ng Kim - The Dream Life Of Mr. Kim - 2025 - 1080p - Vietsub - T\u1eadp 04","link_embed":"https:\/\/player.phimapi.com\/player\/?url=https:\/\/s6.kkphimplayer6.com\/20251103\/RQME6rX8\/index.m3u8","link_m3u8":"https:\/\/s6.kkphimplayer6.com\/20251103\/RQME6rX8\/index.m3u8"},{"name":"T\u1eadp 05","slug":"tap-05","filename":"Cu\u1ed9c S\u1ed1ng Trong M\u01a1 C\u1ee7a \u00d4ng Kim - The Dream Life Of Mr. Kim - 2025 - 1080p - Vietsub - T\u1eadp 05","link_embed":"https:\/\/player.phimapi.com\/player\/?url=https:\/\/s6.kkphimplayer6.com\/20251109\/Uc4wiTxR\/index.m3u8","link_m3u8":"https:\/\/s6.kkphimplayer6.com\/20251109\/Uc4wiTxR\/index.m3u8"},{"name":"T\u1eadp 06","slug":"tap-06","filename":"Cu\u1ed9c S\u1ed1ng Trong M\u01a1 C\u1ee7a \u00d4ng Kim - The Dream Life Of Mr. Kim - 2025 - 1080p - Vietsub - T\u1eadp 06","link_embed":"https:\/\/player.phimapi.com\/player\/?url=https:\/\/s6.kkphimplayer6.com\/20251110\/NsAAHU5R\/index.m3u8","link_m3u8":"https:\/\/s6.kkphimplayer6.com\/20251110\/NsAAHU5R\/index.m3u8"},{"name":"T\u1eadp 07","slug":"tap-07","filename":"Cu\u1ed9c S\u1ed1ng Trong M\u01a1 C\u1ee7a \u00d4ng Kim - The Dream Life Of Mr. Kim - 2025 - 1080p - Vietsub - T\u1eadp 07","link_embed":"https:\/\/player.phimapi.com\/player\/?url=https:\/\/s6.kkphimplayer6.com\/20251116\/G19fUTCU\/index.m3u8","link_m3u8":"https:\/\/s6.kkphimplayer6.com\/20251116\/G19fUTCU\/index.m3u8"},{"name":"T\u1eadp 08","slug":"tap-08","filename":"Cu\u1ed9c S\u1ed1ng Trong M\u01a1 C\u1ee7a \u00d4ng Kim - The Dream Life Of Mr. Kim - 2025 - 1080p - Vietsub - T\u1eadp 08","link_embed":"https:\/\/player.phimapi.com\/player\/?url=https:\/\/s6.kkphimplayer6.com\/20251117\/OOWZVgcN\/index.m3u8","link_m3u8":"https:\/\/s6.kkphimplayer6.com\/20251117\/OOWZVgcN\/index.m3u8"}]}]}