{"status":true,"msg":"done","movie":{"tmdb":{"type":"tv","id":"87508","season":3,"vote_average":7.836,"vote_count":113},"imdb":{"id":null},"created":{"time":"2025-11-16T17:59:25.000Z"},"modified":{"time":"2025-11-16T17:59:25.000Z"},"_id":"c1481a88d8e582ce58f9413d5ac93360","name":"T\u1ed9i \u00c1c Delhi (Ph\u1ea7n 3)","slug":"toi-ac-delhi-phan-3","origin_name":"Delhi Crime","content":"Theo ch\u00e2n l\u1ef1c l\u01b0\u1ee3ng c\u1ea3nh s\u00e1t khi h\u1ecd \u0111i\u1ec1u tra c\u00e1c v\u1ee5 ph\u1ea1m t\u1ed9i kh\u00e9t ti\u1ebfng \u1edf Delhi, c\u00e1c m\u00f9a c\u1ee7a lo\u1ea1t phim n\u00e0y \u0111\u01b0\u1ee3c d\u1ef1a tr\u00ean c\u1ea3 s\u1ef1 ki\u1ec7n c\u00f3 th\u1eadt l\u1eabn h\u01b0 c\u1ea5u.","type":"series","status":"completed","poster_url":"https:\/\/phimimg.com\/upload\/vod\/20251116-1\/1dfa124b40b4c2cc708df151fcc67268.jpg","thumb_url":"https:\/\/phimimg.com\/upload\/vod\/20251116-1\/35e314c4706f713aba8692e6b113a37a.jpg","is_copyright":false,"sub_docquyen":false,"chieurap":false,"trailer_url":"https:\/\/www.youtube.com\/watch?v=9I4FKW0tlFU","time":"51 ph\u00fat\/t\u1eadp","episode_current":"Ho\u00e0n T\u1ea5t (6\/6)","episode_total":"6","quality":"FHD","lang":"Vietsub","notify":"","showtimes":"","year":2025,"view":0,"actor":["Shefali Shah","Rasika Dugal","Avijit Dutt","Adil Hussain","Yashaswini Dayama","Rajesh Tailang","Jaya Bhattacharya","Gopal Datt","Denzil Smith","Sidharth Bhardwaj","Huma Qureshi","Mita Vashisht"],"director":["Richie Mehta"],"category":[{"id":"7a035ac0b37f5854f0f6979260899c90","name":"H\u00ecnh S\u1ef1","slug":"hinh-su"},{"id":"37a7b38b6184a5ebd3c43015aa20709d","name":"Ch\u00ednh K\u1ecbch","slug":"chinh-kich"},{"id":"a7b065b92ad356387ef2e075dee66529","name":"T\u00e2m L\u00fd","slug":"tam-ly"}],"country":[{"id":"445d337b5cd5de476f99333df6b0c2a7","name":"Canada","slug":"canada"},{"id":"aadd510492662beef1a980624b26c685","name":"\u1ea4n \u0110\u1ed9","slug":"an-do"},{"id":"74d9fa92f4dea9ecea8fc2233dc7921a","name":"\u00c2u M\u1ef9","slug":"au-my"}]},"episodes":[{"server_name":"#H\u00e0 N\u1ed9i (Vietsub)","server_data":[{"name":"T\u1eadp 01","slug":"tap-01","filename":"T\u1ed9i \u00c1c Delhi (Ph\u1ea7n 3) - Delhi Crime - 2025 - 1080p - Vietsub - T\u1eadp 01","link_embed":"https:\/\/player.phimapi.com\/player\/?url=https:\/\/s6.kkphimplayer6.com\/20251114\/vSY3L0Fe\/index.m3u8","link_m3u8":"https:\/\/s6.kkphimplayer6.com\/20251114\/vSY3L0Fe\/index.m3u8"},{"name":"T\u1eadp 02","slug":"tap-02","filename":"T\u1ed9i \u00c1c Delhi (Ph\u1ea7n 3) - Delhi Crime - 2025 - 1080p - Vietsub - T\u1eadp 02","link_embed":"https:\/\/player.phimapi.com\/player\/?url=https:\/\/s6.kkphimplayer6.com\/20251114\/HkXvI7P0\/index.m3u8","link_m3u8":"https:\/\/s6.kkphimplayer6.com\/20251114\/HkXvI7P0\/index.m3u8"},{"name":"T\u1eadp 03","slug":"tap-03","filename":"T\u1ed9i \u00c1c Delhi (Ph\u1ea7n 3) - Delhi Crime - 2025 - 1080p - Vietsub - T\u1eadp 03","link_embed":"https:\/\/player.phimapi.com\/player\/?url=https:\/\/s6.kkphimplayer6.com\/20251114\/xfJHRc9c\/index.m3u8","link_m3u8":"https:\/\/s6.kkphimplayer6.com\/20251114\/xfJHRc9c\/index.m3u8"},{"name":"T\u1eadp 04","slug":"tap-04","filename":"T\u1ed9i \u00c1c Delhi (Ph\u1ea7n 3) - Delhi Crime - 2025 - 1080p - Vietsub - T\u1eadp 04","link_embed":"https:\/\/player.phimapi.com\/player\/?url=https:\/\/s6.kkphimplayer6.com\/20251114\/ECGgTeuO\/index.m3u8","link_m3u8":"https:\/\/s6.kkphimplayer6.com\/20251114\/ECGgTeuO\/index.m3u8"},{"name":"T\u1eadp 05","slug":"tap-05","filename":"T\u1ed9i \u00c1c Delhi (Ph\u1ea7n 3) - Delhi Crime - 2025 - 1080p - Vietsub - T\u1eadp 05","link_embed":"https:\/\/player.phimapi.com\/player\/?url=https:\/\/s6.kkphimplayer6.com\/20251114\/4zn0PkBN\/index.m3u8","link_m3u8":"https:\/\/s6.kkphimplayer6.com\/20251114\/4zn0PkBN\/index.m3u8"},{"name":"T\u1eadp 06","slug":"tap-06","filename":"T\u1ed9i \u00c1c Delhi (Ph\u1ea7n 3) - Delhi Crime - 2025 - 1080p - Vietsub - T\u1eadp 06","link_embed":"https:\/\/player.phimapi.com\/player\/?url=https:\/\/s6.kkphimplayer6.com\/20251114\/73RB8WaS\/index.m3u8","link_m3u8":"https:\/\/s6.kkphimplayer6.com\/20251114\/73RB8WaS\/index.m3u8"}]}]}